engine_id,predicted_RUL,true_RUL,imminent_failure_flag,top_sensors,top_subsystems
1,116.80864715576172,112,False,"[('sensor_12', 0.1338935096040028), ('sensor_20', 0.1129924457653744), ('sensor_21', 0.08319703065148698), ('sensor_7', 0.07573012739844527), ('sensor_6', 0.07410767290848948)]","[('High-Pressure Turbine (HPT)', 0.17810128671462122), ('Low-Pressure Compressor (LPC)', 0.13404034018577463), ('LPC outlet temperature (corrected)', 0.1338935096040028), ('Overall Inlet', 0.12449117402826734), ('Fan inlet pressure (psia)', 0.12441404897922398)]"
2,117.3394775390625,98,False,"[('sensor_12', 0.09186701343827107), ('sensor_6', 0.08682257134389829), ('sensor_20', 0.07900936542551217), ('sensor_7', 0.07030073475784016), ('sensor_2', 0.06883850560787985)]","[('High-Pressure Turbine (HPT)', 0.18741364605723482), ('Overall Inlet', 0.1392383303149363), ('Fan inlet pressure (psia)', 0.13913924036572), ('Fan', 0.1331960950622596), ('High-Pressure Compressor (HPC)', 0.12204393650015757)]"
3,43.40732192993164,69,False,"[('sensor_12', 0.09281138936243477), ('sensor_13', 0.09244649245367934), ('sensor_8', 0.08774541019906139), ('sensor_4', 0.08652302153808221), ('sensor_11', 0.08204613626158862)]","[('High-Pressure Turbine (HPT)', 0.23776440188356585), ('Overall Inlet', 0.13118584950727005), ('Fan inlet pressure (psia)', 0.1311297336832625), ('Combustion Chamber', 0.1309550208490108), ('High-Pressure Compressor (HPC)', 0.12742815180440473)]"
4,99.52267456054688,82,False,"[('sensor_12', 0.08579105430606017), ('sensor_11', 0.07846273951642903), ('sensor_4', 0.07583317867948813), ('sensor_7', 0.07162658973083623), ('sensor_13', 0.0710942712393605)]","[('High-Pressure Turbine (HPT)', 0.2014692725101283), ('Fan', 0.13653208708990944), ('Overall Inlet', 0.1353001741043695), ('Fan inlet pressure (psia)', 0.1352420374326963), ('High-Pressure Compressor (HPC)', 0.1336694699150075)]"
5,77.62435913085938,91,False,"[('sensor_12', 0.09080501616111339), ('sensor_11', 0.08153298626695886), ('sensor_6', 0.08020641501494553), ('sensor_13', 0.07549698583933902), ('sensor_8', 0.06821669261198551)]","[('High-Pressure Turbine (HPT)', 0.18781660779977563), ('Fan', 0.14324825970740232), ('Overall Inlet', 0.12551272622106222), ('Fan inlet pressure (psia)', 0.12545062986245897), ('High-Pressure Compressor (HPC)', 0.12155834098158802)]"
6,109.09117126464844,93,False,"[('sensor_6', 0.08143151787565223), ('sensor_4', 0.07744508066940493), ('sensor_12', 0.07717842912964484), ('sensor_13', 0.07665062525464052), ('sensor_21', 0.07234297416716845)]","[('High-Pressure Turbine (HPT)', 0.2264386800912139), ('Fan', 0.15033423586135644), ('Overall Inlet', 0.1256055122170024), ('Fan inlet pressure (psia)', 0.12554458931004892), ('High-Pressure Compressor (HPC)', 0.11028578155084595)]"
7,89.33452606201172,91,False,"[('sensor_12', 0.11407163483244963), ('sensor_20', 0.1075636680044492), ('sensor_9', 0.10072646909982566), ('sensor_7', 0.0773482332624525), ('sensor_14', 0.07661209282947458)]","[('Fan', 0.2234572961233483), ('High-Pressure Turbine (HPT)', 0.1441613726001851), ('Overall Inlet', 0.12130550991250529), ('Fan inlet pressure (psia)', 0.12123419926764119), ('Low-Pressure Compressor (LPC)', 0.11419905235208674)]"
8,109.92760467529297,95,False,"[('sensor_8', 0.09482792314531514), ('sensor_12', 0.09221483657761123), ('sensor_13', 0.08775031207066439), ('sensor_11', 0.07122105020694382), ('sensor_4', 0.07105057191526308)]","[('High-Pressure Turbine (HPT)', 0.21742802201025424), ('High-Pressure Compressor (HPC)', 0.15488221348082898), ('Overall Inlet', 0.1270993279141651), ('Fan inlet pressure (psia)', 0.12702768919729363), ('Combustion Chamber', 0.1103711363267317)]"
9,117.97506713867188,111,False,"[('sensor_13', 0.08082571229979715), ('sensor_4', 0.07849305622321731), ('sensor_3', 0.0748682391825691), ('sensor_6', 0.07098144587724316), ('sensor_11', 0.06819851324217487)]","[('High-Pressure Turbine (HPT)', 0.22585281774796026), ('Fan', 0.13698867606173654), ('High-Pressure Compressor (HPC)', 0.13371290070085315), ('Overall Inlet', 0.11705919861652245), ('Fan inlet pressure (psia)', 0.11699051803110891)]"
10,70.76892852783203,96,False,"[('sensor_12', 0.10535438512384376), ('sensor_7', 0.08497207136995737), ('sensor_20', 0.0758240397013879), ('sensor_14', 0.0718182423434973), ('sensor_6', 0.0710396282359458)]","[('Fan', 0.20118513106552582), ('High-Pressure Turbine (HPT)', 0.15866102240385083), ('Overall Inlet', 0.12940000238077298), ('Fan inlet pressure (psia)', 0.12932793258833303), ('Low-Pressure Compressor (LPC)', 0.10551101167474577)]"
11,62.62060546875,97,False,"[('sensor_8', 0.09563014881676214), ('sensor_11', 0.08868335061080201), ('sensor_12', 0.08604079270991201), ('sensor_13', 0.07937378977115031), ('sensor_4', 0.0792299536679735)]","[('High-Pressure Turbine (HPT)', 0.21584017348795853), ('High-Pressure Compressor (HPC)', 0.1649313284142161), ('Overall Inlet', 0.12309953719007377), ('Fan inlet pressure (psia)', 0.12303963759528265), ('Combustion Chamber', 0.12259294039999252)]"
12,67.40853118896484,124,False,"[('sensor_12', 0.11019106219490547), ('sensor_20', 0.09319833390324742), ('sensor_7', 0.08297562084333175), ('sensor_9', 0.07906153488729624), ('sensor_14', 0.07395102349432434)]","[('Fan', 0.20948138930312635), ('High-Pressure Turbine (HPT)', 0.15959621875771918), ('Overall Inlet', 0.12408953212846896), ('Fan inlet pressure (psia)', 0.12401858040963165), ('Low-Pressure Compressor (LPC)', 0.11031443772209974)]"
13,69.749267578125,95,False,"[('sensor_12', 0.09815786574406411), ('sensor_20', 0.09648536661298038), ('sensor_7', 0.09152105620889232), ('sensor_4', 0.08320886892749878), ('sensor_14', 0.07416169927095345)]","[('High-Pressure Turbine (HPT)', 0.19381482909364134), ('Fan', 0.1933375904413434), ('Overall Inlet', 0.13449301155765578), ('Fan inlet pressure (psia)', 0.1344172441733919), ('Low-Pressure Compressor (LPC)', 0.09830173506186676)]"
14,114.79444885253906,107,False,"[('sensor_11', 0.08856377239201164), ('sensor_13', 0.0833320088221338), ('sensor_4', 0.08029721000510999), ('sensor_12', 0.0787480753755223), ('sensor_8', 0.07822088254322353)]","[('High-Pressure Turbine (HPT)', 0.23330175744984832), ('High-Pressure Compressor (HPC)', 0.13439051455593776), ('Combustion Chamber', 0.1321634934332639), ('Overall Inlet', 0.12975059832266508), ('Fan inlet pressure (psia)', 0.12968105257848087)]"
15,76.96928405761719,83,False,"[('sensor_12', 0.11991696091160292), ('sensor_20', 0.09416661195851285), ('sensor_6', 0.07565526130608383), ('sensor_21', 0.07173802739218897), ('sensor_7', 0.07172229821526674)]","[('High-Pressure Turbine (HPT)', 0.19168234458675468), ('Fan', 0.13187889540901648), ('Overall Inlet', 0.12434617737274484), ('Fan inlet pressure (psia)', 0.12425614333029843), ('Low-Pressure Compressor (LPC)', 0.12004463984461401)]"
16,69.05242156982422,84,False,"[('sensor_20', 0.10960325726504856), ('sensor_12', 0.09949366685824514), ('sensor_7', 0.07936874633803115), ('sensor_6', 0.07326636092777944), ('sensor_11', 0.06331738146280476)]","[('Fan', 0.17174735993372825), ('High-Pressure Turbine (HPT)', 0.16419396728223423), ('Overall Inlet', 0.12749687417819516), ('Fan inlet pressure (psia)', 0.12741497727398127), ('Overall Engine System', 0.10978041582811772)]"
17,47.149532318115234,50,False,"[('sensor_9', 0.15777795215325952), ('sensor_14', 0.15280837600165398), ('sensor_12', 0.08278032855887507), ('sensor_20', 0.0741493946094329), ('sensor_7', 0.07008168497132462)]","[('Fan', 0.35549064465992475), ('Corrected fan speed (rpm)', 0.15777795215325952), ('Physical fan speed (rpm)', 0.15280837600165398), ('High-Pressure Turbine (HPT)', 0.13713494744921276), ('Combustion Chamber', 0.09941831039252824)]"
18,21.767974853515625,28,True,"[('sensor_12', 0.09530712005659026), ('sensor_4', 0.0889782643560634), ('sensor_13', 0.08142900033867868), ('sensor_7', 0.08103537083446116), ('sensor_11', 0.07648639508321105)]","[('High-Pressure Turbine (HPT)', 0.22214543145019588), ('Fan', 0.1438028789779919), ('Overall Inlet', 0.1375379246241049), ('Fan inlet pressure (psia)', 0.13749276048085632), ('Combustion Chamber', 0.12187390705467054)]"
19,78.22126007080078,87,False,"[('sensor_12', 0.12611962412552613), ('sensor_20', 0.08812581741427779), ('sensor_7', 0.0822075623401666), ('sensor_13', 0.0675028756340457), ('sensor_11', 0.06297821757693703)]","[('High-Pressure Turbine (HPT)', 0.1764072801078916), ('Fan', 0.1512553594485543), ('Overall Inlet', 0.13373809371428502), ('Fan inlet pressure (psia)', 0.13367568830855323), ('Low-Pressure Compressor (LPC)', 0.12625566112009737)]"
20,12.803632736206055,16,True,"[('sensor_4', 0.09458376043996312), ('sensor_11', 0.09131493799122686), ('sensor_13', 0.08667065507043684), ('sensor_8', 0.08285426304605327), ('sensor_15', 0.07738526957548562)]","[('High-Pressure Turbine (HPT)', 0.2324024947459869), ('Combustion Chamber', 0.1645764559293631), ('High-Pressure Compressor (HPC)', 0.11668492185806546), ('Overall Inlet', 0.11558302356610459), ('Fan inlet pressure (psia)', 0.11551890236439563)]"
21,52.20656204223633,57,False,"[('sensor_9', 0.14437246952628988), ('sensor_14', 0.120250744459787), ('sensor_12', 0.1080442779644988), ('sensor_20', 0.10103356433202335), ('sensor_7', 0.06661511446316087)]","[('Fan', 0.32177238064697733), ('Corrected fan speed (rpm)', 0.14437246952628988), ('High-Pressure Turbine (HPT)', 0.13123832034972538), ('Physical fan speed (rpm)', 0.120250744459787), ('Low-Pressure Compressor (LPC)', 0.10814709374736764)]"
22,121.21488189697266,111,False,"[('sensor_12', 0.10245889365437169), ('sensor_6', 0.08302596168186112), ('sensor_20', 0.07811504280519808), ('sensor_8', 0.07463499937804112), ('sensor_13', 0.0667659160431262)]","[('High-Pressure Turbine (HPT)', 0.18755728199671234), ('High-Pressure Compressor (HPC)', 0.12455713662357519), ('Fan', 0.12281323225557947), ('Overall Inlet', 0.12189054448443509), ('Fan inlet pressure (psia)', 0.12180402340563012)]"
23,107.98686218261719,113,False,"[('sensor_12', 0.12119187565923362), ('sensor_20', 0.0952647213936937), ('sensor_6', 0.08935844967689449), ('op_setting_1', 0.08386666377261558), ('sensor_7', 0.06997419578357758)]","[('Unknown', 0.14711636459042596), ('High-Pressure Turbine (HPT)', 0.1468180263104461), ('Fan', 0.14643508856531187), ('Overall Inlet', 0.13048564201243582), ('Fan inlet pressure (psia)', 0.13040343181186353)]"
24,9.192266464233398,20,True,"[('sensor_9', 0.2332928275711964), ('sensor_14', 0.20544503791757346), ('sensor_12', 0.06148540666662946), ('sensor_20', 0.05962359564805022), ('sensor_17', 0.05635834018790955)]","[('Fan', 0.48235056979944885), ('Corrected fan speed (rpm)', 0.2332928275711964), ('Physical fan speed (rpm)', 0.20544503791757346), ('High-Pressure Turbine (HPT)', 0.1050210688717704), ('Combustion Chamber', 0.0854068395334275)]"
25,113.99815368652344,145,False,"[('sensor_12', 0.11407733256210163), ('sensor_20', 0.10183597025131211), ('sensor_7', 0.09127963357636422), ('sensor_6', 0.07987238903494309), ('sensor_13', 0.06386271916706257)]","[('High-Pressure Turbine (HPT)', 0.17081620190432473), ('Overall Inlet', 0.14515285665634836), ('Fan inlet pressure (psia)', 0.1450596734436938), ('Fan', 0.13740438944214603), ('Low-Pressure Compressor (LPC)', 0.11422186640024681)]"
26,112.95858764648438,119,False,"[('sensor_12', 0.13450921931166412), ('sensor_20', 0.08639437349244104), ('sensor_9', 0.07573538963692784), ('op_setting_1', 0.07499855253192188), ('sensor_7', 0.07447229479698268)]","[('Fan', 0.18188434447222704), ('High-Pressure Turbine (HPT)', 0.1460979291035741), ('Unknown', 0.1393784966990637), ('Low-Pressure Compressor (LPC)', 0.13470143185054173), ('LPC outlet temperature (corrected)', 0.13450921931166412)]"
27,106.48429870605469,66,False,"[('sensor_12', 0.10332602678157132), ('sensor_20', 0.09231632761248036), ('sensor_6', 0.07525449252746212), ('sensor_7', 0.07088520721971532), ('sensor_8', 0.07052397956073113)]","[('High-Pressure Turbine (HPT)', 0.1911207143925423), ('High-Pressure Compressor (HPC)', 0.13440306023073684), ('Fan', 0.1323075047288887), ('Overall Inlet', 0.1315420013694721), ('Fan inlet pressure (psia)', 0.13147322926972083)]"
28,118.26056671142578,97,False,"[('sensor_6', 0.08931501685698455), ('sensor_4', 0.0885770596706875), ('sensor_11', 0.082156564947506), ('sensor_12', 0.07737739759971787), ('sensor_13', 0.06807328466393078)]","[('High-Pressure Turbine (HPT)', 0.21251608341863865), ('Fan', 0.18410194028052806), ('Combustion Chamber', 0.12731494075152672), ('Unknown', 0.11016815966069804), ('High-Pressure Compressor (HPC)', 0.09250246716530608)]"
29,65.2739028930664,90,False,"[('sensor_12', 0.09742734813025032), ('sensor_20', 0.08505914661423197), ('sensor_14', 0.0812137987333246), ('sensor_7', 0.07771434539185422), ('sensor_9', 0.07277179669049884)]","[('Fan', 0.2121710622233939), ('High-Pressure Turbine (HPT)', 0.16885467600855814), ('Overall Inlet', 0.12324528347824693), ('Fan inlet pressure (psia)', 0.12317922867723509), ('High-Pressure Compressor (HPC)', 0.10006965840299059)]"
30,106.16141510009766,115,False,"[('sensor_6', 0.09095420697126742), ('sensor_11', 0.08825763710656467), ('sensor_4', 0.08708627521861141), ('sensor_13', 0.07256864289255709), ('sensor_12', 0.06797806883882801)]","[('High-Pressure Turbine (HPT)', 0.19854457533989128), ('Fan', 0.15057350404566552), ('High-Pressure Compressor (HPC)', 0.13080991556680727), ('Combustion Chamber', 0.13012768451043574), ('Overall Inlet', 0.1100855473386797)]"
31,5.329972267150879,8,True,"[('sensor_15', 0.10005422742326753), ('sensor_4', 0.09447073155549729), ('sensor_11', 0.09439751278470476), ('sensor_17', 0.07631558177296538), ('sensor_8', 0.0742526937047789)]","[('High-Pressure Turbine (HPT)', 0.2109597364343988), ('Combustion Chamber', 0.17071309455767014), ('Fan', 0.13262344416822242), ('High-Pressure Compressor (HPC)', 0.11615605238658236), ('Overall Inlet', 0.1007508283655115)]"
32,39.884944915771484,48,False,"[('sensor_9', 0.17376605192425199), ('sensor_14', 0.15146079130720108), ('sensor_12', 0.09072858157091457), ('sensor_20', 0.0787443225821511), ('sensor_7', 0.06813963176231772)]","[('Fan', 0.3669723117870495), ('Corrected fan speed (rpm)', 0.17376605192425199), ('Physical fan speed (rpm)', 0.15146079130720108), ('High-Pressure Turbine (HPT)', 0.1186680336686464), ('Overall Inlet', 0.09473357283423071)]"
33,77.5790786743164,106,False,"[('sensor_12', 0.07733899513792841), ('sensor_11', 0.07647377517303564), ('sensor_13', 0.06934791950909279), ('sensor_15', 0.06861922474051753), ('sensor_7', 0.06792134356246513)]","[('High-Pressure Turbine (HPT)', 0.19313846141754668), ('Fan', 0.1578457182064462), ('Overall Inlet', 0.12203194342618515), ('Fan inlet pressure (psia)', 0.1219664632815101), ('Combustion Chamber', 0.11692213636270404)]"
34,1.7053906917572021,7,True,"[('sensor_11', 0.11302178437824534), ('sensor_4', 0.09408241076684219), ('sensor_8', 0.08606708970125389), ('sensor_13', 0.08268257939798004), ('sensor_15', 0.07825791554759684)]","[('High-Pressure Turbine (HPT)', 0.24174036105343982), ('Combustion Chamber', 0.18718751988806706), ('High-Pressure Compressor (HPC)', 0.12098740565327146), ('Overall Inlet', 0.11756697734232699), ('Fan inlet pressure (psia)', 0.11750681090910178)]"
35,4.813227653503418,11,True,"[('sensor_15', 0.10836140895832937), ('sensor_4', 0.10662997944128726), ('sensor_11', 0.09739919503232004), ('sensor_8', 0.08204133766598297), ('sensor_17', 0.07876780014161455)]","[('High-Pressure Turbine (HPT)', 0.23254201692688717), ('Combustion Chamber', 0.17616699517393458), ('High-Pressure Compressor (HPC)', 0.12634742822323922), ('Fan', 0.1109188647472437), ('Physical core engine speed (rpm)', 0.10836140895832937)]"
36,17.28932762145996,19,True,"[('sensor_4', 0.10549533556550263), ('sensor_17', 0.09578212734533816), ('sensor_15', 0.09514978607646173), ('sensor_11', 0.0909130981731671), ('sensor_8', 0.09009554436373635)]","[('High-Pressure Turbine (HPT)', 0.22886216725328812), ('Combustion Chamber', 0.18669522551850526), ('High-Pressure Compressor (HPC)', 0.12260549689454422), ('Overall Inlet', 0.10959938040113801), ('Fan inlet pressure (psia)', 0.10954541841324783)]"
37,12.689247131347656,21,True,"[('sensor_8', 0.09742238633529812), ('sensor_12', 0.09339926124078834), ('sensor_13', 0.0891297290759661), ('sensor_4', 0.08528340560894365), ('sensor_11', 0.08505663253459203)]","[('High-Pressure Turbine (HPT)', 0.23071504920615474), ('Overall Inlet', 0.13475725817255477), ('Fan inlet pressure (psia)', 0.13470628827774309), ('Combustion Chamber', 0.13443858524244595), ('High-Pressure Compressor (HPC)', 0.13376682521110628)]"
38,51.44316864013672,50,False,"[('sensor_11', 0.08386993574181115), ('sensor_15', 0.08084626286104916), ('sensor_4', 0.07999091249040363), ('sensor_14', 0.07588678544566409), ('sensor_20', 0.07283436549781007)]","[('Fan', 0.20363422706325535), ('High-Pressure Turbine (HPT)', 0.1745245165129304), ('Combustion Chamber', 0.14689043067133706), ('Overall Inlet', 0.11107722098997644), ('Fan inlet pressure (psia)', 0.11101469481685722)]"
39,121.09095001220703,142,False,"[('sensor_20', 0.10978472477709503), ('sensor_7', 0.09824264571122666), ('sensor_12', 0.09073047639593029), ('op_setting_1', 0.08625353596315809), ('sensor_6', 0.08253380658895254)]","[('Fan', 0.16906868556147964), ('Unknown', 0.16720615295428332), ('High-Pressure Turbine (HPT)', 0.1441090571915533), ('Overall Inlet', 0.13856573136090103), ('Fan inlet pressure (psia)', 0.1384667767886041)]"
40,27.464914321899414,28,True,"[('sensor_4', 0.0887936545640317), ('sensor_11', 0.08603412784221241), ('sensor_13', 0.0845054178350538), ('sensor_17', 0.08416397730719792), ('sensor_15', 0.08173256390514565)]","[('High-Pressure Turbine (HPT)', 0.22766065681955383), ('Combustion Chamber', 0.17019810514941033), ('Fan', 0.12598280774697726), ('High-Pressure Compressor (HPC)', 0.11495433906490936), ('Overall Inlet', 0.11071537410607199)]"
41,10.90367317199707,18,True,"[('sensor_8', 0.09930547741875562), ('sensor_11', 0.09526113815747421), ('sensor_12', 0.09166831879718369), ('sensor_13', 0.09108592852135285), ('sensor_4', 0.08036673504595043)]","[('High-Pressure Turbine (HPT)', 0.22423099198939014), ('Combustion Chamber', 0.1416989643450305), ('High-Pressure Compressor (HPC)', 0.13849159159830102), ('Overall Inlet', 0.12729626453918388), ('Fan inlet pressure (psia)', 0.12723025740980454)]"
42,3.8716704845428467,10,True,"[('sensor_8', 0.10363937936750443), ('sensor_13', 0.09566122467101787), ('sensor_11', 0.09314511356144704), ('sensor_4', 0.08767467716557896), ('sensor_12', 0.08351976392523733)]","[('High-Pressure Turbine (HPT)', 0.2567145682288905), ('Combustion Chamber', 0.1603761909799531), ('High-Pressure Compressor (HPC)', 0.1368313798367917), ('Overall Inlet', 0.11551300173916415), ('Fan inlet pressure (psia)', 0.11546550812817187)]"
43,66.64875030517578,59,False,"[('sensor_13', 0.08409843938788959), ('sensor_7', 0.08111039645561934), ('sensor_12', 0.08094721302371043), ('sensor_4', 0.07711444976667814), ('sensor_20', 0.0726607402873377)]","[('High-Pressure Turbine (HPT)', 0.20391827148636638), ('Overall Inlet', 0.14691846045783458), ('Fan inlet pressure (psia)', 0.14686197068152407), ('Fan', 0.13642806727521176), ('Combustion Chamber', 0.13073819315878227)]"
44,115.88587951660156,109,False,"[('sensor_12', 0.1051240194598169), ('sensor_7', 0.08669599856127744), ('sensor_20', 0.07607095713254301), ('op_setting_1', 0.07350448310226465), ('sensor_3', 0.07238289500658142)]","[('High-Pressure Turbine (HPT)', 0.1733978442295345), ('Overall Inlet', 0.13343394543946754), ('Fan inlet pressure (psia)', 0.13334596989801528), ('High-Pressure Compressor (HPC)', 0.13231384039261893), ('Fan', 0.13088620599450024)]"
45,63.879432678222656,114,False,"[('sensor_12', 0.08184315459434804), ('sensor_6', 0.0769830028263654), ('sensor_13', 0.07543907438673776), ('sensor_4', 0.07522666176122683), ('sensor_7', 0.0715744500325286)]","[('High-Pressure Turbine (HPT)', 0.19335302275513913), ('Fan', 0.1760439129672568), ('Overall Inlet', 0.12264270386092241), ('Fan inlet pressure (psia)', 0.12258242196597718), ('Combustion Chamber', 0.12154797898931669)]"
46,38.764801025390625,47,False,"[('sensor_14', 0.10901822548853202), ('sensor_9', 0.09454119371933506), ('sensor_7', 0.0865716451845827), ('sensor_12', 0.0800315828082406), ('sensor_4', 0.07909536667594669)]","[('Fan', 0.24219754812104316), ('High-Pressure Turbine (HPT)', 0.17683633202949606), ('Combustion Chamber', 0.12639898323473342), ('Overall Inlet', 0.11726779274611104), ('Fan inlet pressure (psia)', 0.11719090981762384)]"
47,86.14818572998047,135,False,"[('sensor_13', 0.0914095247541993), ('sensor_11', 0.08856027559731369), ('sensor_8', 0.0861625425336837), ('sensor_6', 0.07942874484085406), ('sensor_4', 0.07556734017699965)]","[('High-Pressure Turbine (HPT)', 0.21203666527228243), ('High-Pressure Compressor (HPC)', 0.14548873325511452), ('Overall Inlet', 0.12778937301593538), ('Combustion Chamber', 0.12771866826274153), ('Fan inlet pressure (psia)', 0.12770840652800097)]"
48,94.044677734375,92,False,"[('sensor_12', 0.09908370442465733), ('sensor_20', 0.08658750239922744), ('sensor_21', 0.08056978781875793), ('sensor_7', 0.07604409194298938), ('sensor_6', 0.06885416182079525)]","[('High-Pressure Turbine (HPT)', 0.21681087100094695), ('Fan', 0.14561063477872485), ('Overall Inlet', 0.12932834662321424), ('Fan inlet pressure (psia)', 0.12924816465752795), ('Unknown', 0.1019282815498558)]"
49,9.65561580657959,21,True,"[('sensor_11', 0.10058315095345308), ('sensor_8', 0.09853756185394856), ('sensor_4', 0.09462446948400983), ('sensor_15', 0.08623718168073854), ('sensor_17', 0.07885872104484645)]","[('High-Pressure Turbine (HPT)', 0.22346382309485668), ('Combustion Chamber', 0.17944187199829953), ('High-Pressure Compressor (HPC)', 0.13231036456793166), ('Overall Inlet', 0.11611385512527167), ('Fan inlet pressure (psia)', 0.11607367922820397)]"
50,69.99542999267578,79,False,"[('sensor_12', 0.12082895202668706), ('sensor_20', 0.09725040476598718), ('sensor_7', 0.07848532401719029), ('sensor_6', 0.07120390068091341), ('op_setting_1', 0.06485910834323001)]","[('Fan', 0.17699414334987298), ('High-Pressure Turbine (HPT)', 0.1541781374293858), ('Overall Inlet', 0.13440414052256716), ('Fan inlet pressure (psia)', 0.1343313333601337), ('Low-Pressure Compressor (LPC)', 0.1209700282818084)]"
51,119.40213012695312,114,False,"[('sensor_12', 0.10337586344397325), ('sensor_6', 0.08565751048522084), ('sensor_4', 0.07392272840035272), ('sensor_20', 0.07305267489526174), ('sensor_13', 0.07011019193341192)]","[('High-Pressure Turbine (HPT)', 0.2010093192885249), ('Fan', 0.1389024081904745), ('High-Pressure Compressor (HPC)', 0.12634779924098702), ('Overall Inlet', 0.11041119397974805), ('Fan inlet pressure (psia)', 0.11034021581641647)]"
52,22.85936737060547,29,True,"[('sensor_9', 0.1777019093185596), ('sensor_14', 0.1710333455790241), ('sensor_20', 0.07517512030245622), ('sensor_12', 0.0714336639030585), ('sensor_7', 0.06945921545321689)]","[('Fan', 0.39390354124998267), ('Corrected fan speed (rpm)', 0.1777019093185596), ('Physical fan speed (rpm)', 0.1710333455790241), ('High-Pressure Turbine (HPT)', 0.11814838005165544), ('Combustion Chamber', 0.09632928053568673)]"
53,20.90106773376465,26,True,"[('sensor_14', 0.13628893612217516), ('sensor_9', 0.11458878928098619), ('sensor_12', 0.07312034544835289), ('sensor_7', 0.07214776231570086), ('sensor_17', 0.06664172557830426)]","[('Fan', 0.29574158080097135), ('High-Pressure Turbine (HPT)', 0.14664388041726817), ('Physical fan speed (rpm)', 0.13628893612217516), ('Combustion Chamber', 0.12924908683124803), ('Corrected fan speed (rpm)', 0.11458878928098619)]"
54,119.95519256591797,97,False,"[('sensor_12', 0.1166290033405755), ('sensor_20', 0.10711205489016921), ('sensor_7', 0.09812901058017269), ('sensor_21', 0.08032697951235138), ('sensor_6', 0.07851637386338749)]","[('Fan', 0.18162440959529302), ('Overall Inlet', 0.1480453514728577), ('Fan inlet pressure (psia)', 0.14794301946466581), ('High-Pressure Turbine (HPT)', 0.14615672379087935), ('Unknown', 0.14442268262046434)]"
55,83.90015411376953,137,False,"[('sensor_20', 0.10611203278585583), ('sensor_12', 0.10555139975953991), ('sensor_21', 0.08609045031841432), ('sensor_7', 0.07629727134839774), ('sensor_4', 0.06655334071417487)]","[('High-Pressure Turbine (HPT)', 0.210445273988135), ('Fan', 0.1417639265746296), ('Overall Inlet', 0.12741948710504675), ('Fan inlet pressure (psia)', 0.12732198450406493), ('Overall Engine System', 0.1062842095190326)]"
56,11.07739543914795,15,True,"[('sensor_8', 0.11246097523310498), ('sensor_11', 0.10793509050374023), ('sensor_4', 0.10149627537685768), ('sensor_15', 0.0966746760887379), ('sensor_13', 0.07813943358444182)]","[('High-Pressure Turbine (HPT)', 0.23953279563040383), ('Combustion Chamber', 0.1812849805719793), ('High-Pressure Compressor (HPC)', 0.1527946483293303), ('HPC outlet static pressure (psia)', 0.11246097523310498), ('Fuel flow (pph)', 0.10793509050374023)]"
57,109.86880493164062,103,False,"[('sensor_11', 0.09577519586692382), ('sensor_7', 0.08323712064036798), ('sensor_4', 0.08129017396163515), ('sensor_13', 0.07836898296291261), ('sensor_8', 0.07289600124773854)]","[('High-Pressure Turbine (HPT)', 0.20198398378647592), ('Combustion Chamber', 0.14813173684208406), ('Overall Inlet', 0.13953434886041716), ('Fan inlet pressure (psia)', 0.13947785663571832), ('High-Pressure Compressor (HPC)', 0.13032954511212935)]"
58,38.97087097167969,37,False,"[('sensor_4', 0.09012360910508968), ('sensor_11', 0.08811929882626904), ('sensor_13', 0.08108183832555738), ('sensor_8', 0.07975495540563907), ('sensor_12', 0.07589468256645857)]","[('High-Pressure Turbine (HPT)', 0.21562282923037385), ('Combustion Chamber', 0.1452592456818794), ('Overall Inlet', 0.1309381267171325), ('Fan inlet pressure (psia)', 0.13089002459086024), ('Fan', 0.12641439081287428)]"
59,91.6435775756836,114,False,"[('sensor_12', 0.13039475487672014), ('sensor_20', 0.11999324793191715), ('sensor_7', 0.08197723273613299), ('sensor_21', 0.07565217916972898), ('op_setting_1', 0.06567344509086855)]","[('Fan', 0.14952736782372772), ('High-Pressure Turbine (HPT)', 0.14918407650401325), ('Low-Pressure Compressor (LPC)', 0.13053536952700082), ('LPC outlet temperature (corrected)', 0.13039475487672014), ('Overall Inlet', 0.12812541556516976)]"
60,89.7054672241211,100,False,"[('sensor_12', 0.08853680887170258), ('sensor_13', 0.0805671888979495), ('sensor_6', 0.07419412690601314), ('sensor_4', 0.07104093745473632), ('sensor_11', 0.06524874860620235)]","[('High-Pressure Turbine (HPT)', 0.2148759753996763), ('Fan', 0.14510307355649688), ('High-Pressure Compressor (HPC)', 0.12237040758263866), ('Overall Inlet', 0.12017582021351442), ('Fan inlet pressure (psia)', 0.12010514830592958)]"
61,12.006705284118652,21,True,"[('sensor_4', 0.08733078229175288), ('sensor_7', 0.081630875033476), ('sensor_13', 0.08008413472843973), ('sensor_11', 0.0774275135575638), ('sensor_12', 0.07601290722903879)]","[('High-Pressure Turbine (HPT)', 0.21955694156241257), ('Fan', 0.16902337315735916), ('Combustion Chamber', 0.14270867633160972), ('Overall Inlet', 0.11834871861597143), ('Fan inlet pressure (psia)', 0.11830860636274665)]"
62,28.054807662963867,54,True,"[('sensor_9', 0.1327843368634312), ('sensor_14', 0.13091310222692162), ('sensor_12', 0.09213694584727339), ('sensor_20', 0.08723225203227651), ('sensor_7', 0.05972687936349684)]","[('Fan', 0.320314073137674), ('Corrected fan speed (rpm)', 0.1327843368634312), ('Physical fan speed (rpm)', 0.13091310222692162), ('High-Pressure Turbine (HPT)', 0.12251051555770809), ('Combustion Chamber', 0.0986984815694908)]"
63,49.79396438598633,72,False,"[('sensor_13', 0.0956440497450899), ('sensor_8', 0.0932535827537161), ('sensor_12', 0.08815716195663076), ('sensor_4', 0.08782964341078925), ('sensor_11', 0.07848392889834863)]","[('High-Pressure Turbine (HPT)', 0.2232664104097851), ('High-Pressure Compressor (HPC)', 0.13801740946735325), ('Combustion Chamber', 0.13619659270226384), ('Overall Inlet', 0.13255941310996955), ('Fan inlet pressure (psia)', 0.13250410415597694)]"
64,15.260503768920898,28,True,"[('sensor_4', 0.08973991645690453), ('sensor_12', 0.0856553814495536), ('sensor_8', 0.08362367711589305), ('sensor_13', 0.081930485914915), ('sensor_11', 0.0813313566546874)]","[('High-Pressure Turbine (HPT)', 0.22551578991477003), ('Combustion Chamber', 0.1486374285799008), ('Overall Inlet', 0.12595917968828518), ('Fan inlet pressure (psia)', 0.12590029252568918), ('High-Pressure Compressor (HPC)', 0.12001050208704159)]"
65,92.18982696533203,128,False,"[('sensor_20', 0.1129519204475843), ('op_setting_1', 0.10159719302809996), ('sensor_12', 0.10079827345291388), ('sensor_21', 0.09820074717749139), ('sensor_7', 0.08209823687382159)]","[('Fan', 0.18872399971515677), ('High-Pressure Turbine (HPT)', 0.16118913115262692), ('Unknown', 0.15511111892863613), ('Overall Engine System', 0.11311616274995329), ('Engine pressure ratio', 0.1129519204475843)]"
66,16.90983772277832,14,True,"[('sensor_14', 0.12528796663969097), ('sensor_9', 0.11942542308983811), ('sensor_4', 0.07634240901217054), ('sensor_6', 0.076006307113249), ('sensor_17', 0.06927139007104816)]","[('Fan', 0.3207196968427781), ('High-Pressure Turbine (HPT)', 0.16548552615545667), ('Combustion Chamber', 0.13232112103969162), ('Physical fan speed (rpm)', 0.12528796663969097), ('Corrected fan speed (rpm)', 0.11942542308983811)]"
67,100.97061920166016,77,False,"[('sensor_20', 0.10308938629462458), ('sensor_12', 0.10101085636160624), ('sensor_6', 0.09476368351022678), ('sensor_7', 0.07088392280423444), ('sensor_2', 0.0678252260442333)]","[('Fan', 0.18228209413950197), ('High-Pressure Turbine (HPT)', 0.15779192030761166), ('Overall Inlet', 0.13878945000900733), ('Fan inlet pressure (psia)', 0.13870914884846774), ('Unknown', 0.10832077752157206)]"
68,2.646106719970703,8,True,"[('sensor_15', 0.09460879697152598), ('sensor_11', 0.09216550799229183), ('sensor_4', 0.08746940426452737), ('sensor_17', 0.07923185313037731), ('sensor_8', 0.07621972225128905)]","[('High-Pressure Turbine (HPT)', 0.20697583955593657), ('Combustion Chamber', 0.17139736112266912), ('Fan', 0.13724870755977436), ('High-Pressure Compressor (HPC)', 0.11659166338413095), ('Overall Inlet', 0.1000925180599907)]"
69,117.84640502929688,121,False,"[('sensor_12', 0.08210350443772411), ('op_setting_1', 0.08025574786312135), ('sensor_20', 0.07410676585991897), ('sensor_21', 0.0713943490043164), ('sensor_6', 0.06957598869923257)]","[('High-Pressure Turbine (HPT)', 0.206375389888066), ('Unknown', 0.13587504218098154), ('High-Pressure Compressor (HPC)', 0.12194845788163176), ('Fan', 0.11720844457467569), ('Overall Inlet', 0.11658197803182899)]"
70,79.33815002441406,94,False,"[('sensor_12', 0.09657538667765732), ('sensor_11', 0.0910803784523872), ('sensor_6', 0.088132152954446), ('sensor_13', 0.07271884969692882), ('sensor_8', 0.07232629955438614)]","[('High-Pressure Turbine (HPT)', 0.1825979830950889), ('Fan', 0.14995707771004846), ('High-Pressure Compressor (HPC)', 0.1270084969021149), ('Combustion Chamber', 0.12269824026483551), ('Overall Inlet', 0.12210114538442585)]"
71,94.37960052490234,118,False,"[('sensor_12', 0.10697895623670495), ('sensor_20', 0.0934313154082203), ('sensor_6', 0.08996754560032495), ('op_setting_1', 0.0846496612554066), ('sensor_9', 0.07171927299073276)]","[('Fan', 0.2202748709050475), ('High-Pressure Turbine (HPT)', 0.14833534491682754), ('Unknown', 0.1410154517263032), ('Overall Inlet', 0.12309641763078707), ('Fan inlet pressure (psia)', 0.12297323747447422)]"
72,50.41859817504883,50,False,"[('sensor_12', 0.10861715015803912), ('sensor_7', 0.09532123547034793), ('sensor_14', 0.09049842152606456), ('sensor_9', 0.08396192067886511), ('sensor_20', 0.07845784278898929)]","[('Fan', 0.22350453376262397), ('High-Pressure Turbine (HPT)', 0.17472867221939592), ('Overall Inlet', 0.13151621710699496), ('Fan inlet pressure (psia)', 0.13145509370717565), ('Low-Pressure Compressor (LPC)', 0.10871941320565143)]"
73,101.7455062866211,131,False,"[('sensor_12', 0.11803346646564691), ('sensor_20', 0.10052896078161663), ('sensor_7', 0.08794369536962829), ('sensor_6', 0.06851862397191714), ('sensor_13', 0.06531813202718485)]","[('High-Pressure Turbine (HPT)', 0.18503849216621185), ('Fan', 0.146138370255868), ('Overall Inlet', 0.13651362444595264), ('Fan inlet pressure (psia)', 0.13641720256254897), ('Low-Pressure Compressor (LPC)', 0.11816660074428653)]"
74,103.40464782714844,126,False,"[('sensor_15', 0.07912591331079163), ('sensor_12', 0.07605165468211786), ('sensor_20', 0.07512321131121732), ('sensor_6', 0.07424632892231951), ('sensor_11', 0.07371647325455198)]","[('High-Pressure Turbine (HPT)', 0.17778138947364727), ('Fan', 0.1773411688529231), ('Overall Inlet', 0.12174771565966883), ('Fan inlet pressure (psia)', 0.12167582914109124), ('Combustion Chamber', 0.10609748477486887)]"
75,87.3702163696289,113,False,"[('sensor_12', 0.10965555927934992), ('sensor_20', 0.09075230977099139), ('sensor_7', 0.08134487196992793), ('sensor_21', 0.0746732298870408), ('sensor_6', 0.06987911618305014)]","[('High-Pressure Turbine (HPT)', 0.20335320315004585), ('Fan', 0.14280244563313635), ('Overall Inlet', 0.1358363841612123), ('Fan inlet pressure (psia)', 0.1357594936742134), ('Low-Pressure Compressor (LPC)', 0.10977442184287929)]"
76,3.6848180294036865,10,True,"[('sensor_15', 0.09407088976456494), ('sensor_14', 0.08678586706908299), ('sensor_11', 0.08003486058789902), ('sensor_4', 0.07875585371746426), ('sensor_6', 0.07569412697595879)]","[('Fan', 0.23584449311811867), ('High-Pressure Turbine (HPT)', 0.16577363852533283), ('Combustion Chamber', 0.15421712567424287), ('Overall Inlet', 0.09503237306263179), ('Fan inlet pressure (psia)', 0.09499036091736926)]"
77,18.977508544921875,34,True,"[('sensor_4', 0.1018900449890029), ('sensor_13', 0.09621199529083052), ('sensor_8', 0.09563927162775882), ('sensor_12', 0.08687534242026368), ('sensor_11', 0.08541136018913555)]","[('High-Pressure Turbine (HPT)', 0.24990638279246394), ('Combustion Chamber', 0.14078940463187972), ('Overall Inlet', 0.13580681966225733), ('Fan inlet pressure (psia)', 0.1357636399853523), ('High-Pressure Compressor (HPC)', 0.12543800962977397)]"
78,119.82146453857422,107,False,"[('sensor_12', 0.1369223051743279), ('sensor_20', 0.132449423035217), ('sensor_21', 0.09953270475760403), ('op_setting_1', 0.09025238838830567), ('op_setting_2', 0.07800673168750318)]","[('Unknown', 0.16834636519252033), ('Fan', 0.15679518293418404), ('High-Pressure Turbine (HPT)', 0.14285483344415867), ('Low-Pressure Compressor (LPC)', 0.1370687985834677), ('LPC outlet temperature (corrected)', 0.1369223051743279)]"
79,85.1218032836914,63,False,"[('sensor_12', 0.10502233460826597), ('sensor_7', 0.09675066846413752), ('sensor_4', 0.08815982505044703), ('sensor_20', 0.08005101706578022), ('sensor_8', 0.0784556400031782)]","[('High-Pressure Turbine (HPT)', 0.2245612242780008), ('Overall Inlet', 0.14768825882374945), ('Fan inlet pressure (psia)', 0.14763486306657908), ('High-Pressure Compressor (HPC)', 0.12703847262072424), ('Fan', 0.11274382989442067)]"
80,96.00028228759766,90,False,"[('sensor_12', 0.08492292413082156), ('sensor_20', 0.07716123202087054), ('sensor_7', 0.07507537496826903), ('sensor_11', 0.07124442388107588), ('sensor_6', 0.07045698605207508)]","[('Fan', 0.19341623128961283), ('High-Pressure Turbine (HPT)', 0.1789061982413298), ('Overall Inlet', 0.11894266023537359), ('Fan inlet pressure (psia)', 0.1188899222203777), ('Combustion Chamber', 0.11220343851818651)]"
81,2.449923038482666,8,True,"[('sensor_15', 0.10545881768880312), ('sensor_11', 0.10453850290510806), ('sensor_4', 0.08938715029736415), ('sensor_8', 0.07493222297589369), ('sensor_6', 0.07384397791245892)]","[('High-Pressure Turbine (HPT)', 0.20598115320405952), ('Combustion Chamber', 0.1741687416025839), ('Fan', 0.14181797732259055), ('High-Pressure Compressor (HPC)', 0.1258616228051814), ('Physical core engine speed (rpm)', 0.10545881768880312)]"
82,4.4696736335754395,9,True,"[('sensor_11', 0.10909921476308368), ('sensor_15', 0.09302297732890376), ('sensor_8', 0.08910817615823222), ('sensor_13', 0.08441226583793768), ('sensor_17', 0.07852052442924107)]","[('High-Pressure Turbine (HPT)', 0.2179853515375021), ('Combustion Chamber', 0.18761973919232475), ('High-Pressure Compressor (HPC)', 0.1212597931113285), ('Overall Inlet', 0.11352850439668065), ('Fan inlet pressure (psia)', 0.1134747054669428)]"
83,90.695556640625,137,False,"[('sensor_12', 0.09733828540528931), ('sensor_20', 0.09354788294461425), ('sensor_7', 0.08529600795223728), ('sensor_21', 0.0702479858758277), ('sensor_6', 0.06975694245419811)]","[('High-Pressure Turbine (HPT)', 0.18314014428008796), ('Overall Inlet', 0.13948646824894087), ('Fan inlet pressure (psia)', 0.13940284033005107), ('Fan', 0.13931206936417326), ('Unknown', 0.11858204298936174)]"
84,56.69436264038086,58,False,"[('sensor_4', 0.0879948300449451), ('sensor_12', 0.08298394780982077), ('sensor_11', 0.07953460925109127), ('sensor_13', 0.07935602584425201), ('sensor_8', 0.07288173414996048)]","[('High-Pressure Turbine (HPT)', 0.2036398963368667), ('Combustion Chamber', 0.13799747411821991), ('High-Pressure Compressor (HPC)', 0.13415634567770054), ('Overall Inlet', 0.13070076282503174), ('Fan inlet pressure (psia)', 0.1306351958338539)]"
85,110.8452377319336,118,False,"[('sensor_6', 0.07747431949859808), ('sensor_13', 0.07636118925419552), ('sensor_7', 0.07360647743580363), ('sensor_12', 0.07289623719593688), ('sensor_20', 0.07038629671740762)]","[('High-Pressure Turbine (HPT)', 0.20577461854270268), ('Overall Inlet', 0.13420435910055226), ('Fan inlet pressure (psia)', 0.1341068833239618), ('Fan', 0.12960447815396106), ('High-Pressure Compressor (HPC)', 0.1254866925511595)]"
86,108.5136489868164,89,False,"[('sensor_12', 0.09124535895250797), ('sensor_7', 0.08408259834570467), ('sensor_20', 0.08183170623907488), ('sensor_14', 0.08019702930091432), ('sensor_11', 0.06555752010593045)]","[('Fan', 0.196141836559659), ('High-Pressure Turbine (HPT)', 0.16900298898448493), ('Overall Inlet', 0.13243700449481993), ('Fan inlet pressure (psia)', 0.13235659783314085), ('Combustion Chamber', 0.1024411879872634)]"
87,117.2171401977539,116,False,"[('sensor_20', 0.12665221055576145), ('sensor_12', 0.12133575366474347), ('sensor_7', 0.08451071110286744), ('sensor_6', 0.07409646957539225), ('op_setting_2', 0.066922513369306)]","[('Fan', 0.16772988995661597), ('Overall Inlet', 0.13262165677167914), ('Fan inlet pressure (psia)', 0.1325231403503267), ('High-Pressure Turbine (HPT)', 0.1319647463892738), ('Overall Engine System', 0.1268383489413145)]"
88,94.92999267578125,115,False,"[('sensor_8', 0.08747320726191676), ('sensor_12', 0.08674504946507697), ('sensor_4', 0.07734347553526225), ('sensor_6', 0.07656901605055197), ('sensor_13', 0.07607793984188281)]","[('High-Pressure Turbine (HPT)', 0.20342618130492598), ('High-Pressure Compressor (HPC)', 0.1445422255823438), ('Overall Inlet', 0.1348174840341878), ('Fan inlet pressure (psia)', 0.1347375232558092), ('Unknown', 0.1077486375117298)]"
89,102.8584213256836,136,False,"[('sensor_6', 0.07610333430873917), ('sensor_12', 0.07401686395415037), ('sensor_11', 0.07265397095846461), ('sensor_21', 0.07022841435876694), ('sensor_4', 0.06837430923342776)]","[('High-Pressure Turbine (HPT)', 0.2069463130738513), ('Fan', 0.13547656980393133), ('Overall Inlet', 0.12123819412827963), ('Fan inlet pressure (psia)', 0.12115943817763555), ('High-Pressure Compressor (HPC)', 0.1187915346309496)]"
90,21.886428833007812,28,True,"[('sensor_4', 0.08604282754041168), ('sensor_11', 0.0796127495934994), ('sensor_14', 0.07511157895268114), ('sensor_15', 0.0748953386921565), ('sensor_13', 0.07256616627378673)]","[('High-Pressure Turbine (HPT)', 0.19776640886580077), ('Fan', 0.18416412505804322), ('Combustion Chamber', 0.14409672274798307), ('Overall Inlet', 0.11452882650856341), ('Fan inlet pressure (psia)', 0.11446700055903344)]"
91,23.292274475097656,38,True,"[('sensor_11', 0.10224916657542141), ('sensor_15', 0.10007754052471211), ('sensor_8', 0.09762314258182843), ('sensor_4', 0.09068030222154078), ('sensor_17', 0.07762295506931752)]","[('High-Pressure Turbine (HPT)', 0.2335724339796884), ('Combustion Chamber', 0.17987212164473892), ('High-Pressure Compressor (HPC)', 0.1423649453960319), ('Overall Inlet', 0.10364962639374309), ('Fan inlet pressure (psia)', 0.10360005327751595)]"
92,19.897235870361328,20,True,"[('sensor_8', 0.09917929200927775), ('sensor_4', 0.09743852924454811), ('sensor_11', 0.09626067305356988), ('sensor_15', 0.09611250166059579), ('sensor_13', 0.08055385519247878)]","[('High-Pressure Turbine (HPT)', 0.2554983558595221), ('Combustion Chamber', 0.17622351217449617), ('High-Pressure Compressor (HPC)', 0.1310205862601143), ('Overall Inlet', 0.10806058638374046), ('Fan inlet pressure (psia)', 0.10800086220127872)]"
93,43.609840393066406,85,False,"[('sensor_11', 0.08208460969908629), ('sensor_4', 0.08027897080473605), ('sensor_14', 0.07831903409659025), ('sensor_15', 0.07409793823167432), ('sensor_13', 0.0737817353480361)]","[('Fan', 0.2047469210679707), ('High-Pressure Turbine (HPT)', 0.19454657319152646), ('Combustion Chamber', 0.15028002948466337), ('Overall Inlet', 0.10385069342383069), ('Fan inlet pressure (psia)', 0.10379200249131726)]"
94,66.1086196899414,55,False,"[('sensor_4', 0.08557545643856633), ('sensor_11', 0.08382559582047183), ('sensor_13', 0.07942678502032935), ('sensor_12', 0.07736178405184882), ('sensor_7', 0.07643764734549147)]","[('High-Pressure Turbine (HPT)', 0.21382723905905388), ('Combustion Chamber', 0.15224060244306212), ('Fan', 0.13134411120447592), ('Overall Inlet', 0.1289087625273029), ('Fan inlet pressure (psia)', 0.12885171864574552)]"
95,120.47518920898438,128,False,"[('sensor_12', 0.11302327236026195), ('sensor_20', 0.10885414716236551), ('sensor_7', 0.08416845429282273), ('op_setting_2', 0.06652126636072052), ('sensor_6', 0.06374449905778172)]","[('High-Pressure Turbine (HPT)', 0.17278779182346185), ('Overall Inlet', 0.1389262694522348), ('Fan inlet pressure (psia)', 0.1388465493294312), ('Unknown', 0.11523892848040204), ('Low-Pressure Compressor (LPC)', 0.11319045916216397)]"
96,119.96244812011719,137,False,"[('sensor_20', 0.09873406128709686), ('sensor_12', 0.09644936093201545), ('sensor_9', 0.092119942171682), ('op_setting_1', 0.08356723436439317), ('sensor_14', 0.080165618220902)]","[('Fan', 0.23054819227357226), ('High-Pressure Turbine (HPT)', 0.14527673811064168), ('Unknown', 0.14189104568529937), ('Overall Inlet', 0.11591702378490962), ('Fan inlet pressure (psia)', 0.1158358374208347)]"
97,88.67054748535156,82,False,"[('sensor_9', 0.11313096930593271), ('sensor_12', 0.10814522527755116), ('sensor_14', 0.09562758614572012), ('sensor_7', 0.08106339008126309), ('sensor_20', 0.07667376094803616)]","[('Fan', 0.25952417964190944), ('High-Pressure Turbine (HPT)', 0.14951730109629946), ('Overall Inlet', 0.12067034023383102), ('Fan inlet pressure (psia)', 0.12060690048351186), ('Corrected fan speed (rpm)', 0.11313096930593271)]"
98,49.144142150878906,59,False,"[('sensor_7', 0.08073421205695416), ('sensor_11', 0.07670499646367691), ('sensor_12', 0.07442783410612674), ('sensor_20', 0.07274881954309283), ('sensor_15', 0.07183681655329015)]","[('High-Pressure Turbine (HPT)', 0.17764343211791372), ('Fan', 0.1749925403965223), ('Combustion Chamber', 0.12853954452617136), ('Overall Inlet', 0.12779334117261665), ('Fan inlet pressure (psia)', 0.1277395019693688)]"
99,119.17045593261719,117,False,"[('sensor_20', 0.12295321964697295), ('sensor_12', 0.09917008846128358), ('sensor_9', 0.09214195149055315), ('sensor_14', 0.08967911168529293), ('sensor_21', 0.08964235751465857)]","[('Fan', 0.24208919064931067), ('High-Pressure Turbine (HPT)', 0.14156584234858283), ('Unknown', 0.127919773064521), ('Overall Engine System', 0.12316217305875488), ('Engine pressure ratio', 0.12295321964697295)]"
100,11.183282852172852,20,True,"[('sensor_9', 0.21749731231720026), ('sensor_14', 0.1882734784245834), ('sensor_20', 0.05720207459314342), ('sensor_17', 0.05679333923807265), ('sensor_12', 0.05675330733449561)]","[('Fan', 0.4516972368123162), ('Corrected fan speed (rpm)', 0.21749731231720026), ('Physical fan speed (rpm)', 0.1882734784245834), ('High-Pressure Turbine (HPT)', 0.12164157302822674), ('Combustion Chamber', 0.0901952927354153)]"
